{
  "canisters": {
    "backend": {
      "type": "motoko",
      "main": "backend/Backend.mo"
    },
    "profile": {
      "type": "motoko",
      "main": "backend/profile.mo"
    },
    "records": {
      "type": "motoko",
      "main": "backend/records.mo"
    },
    "frontend": {
      "dependencies": ["backend", "records", "profile"],
      "type": "assets",
      "source": ["dist/"]
    },
    "internet_identity": {
      "type": "custom",
      "candid": "https://github.com/dfinity/internet-identity/releases/download/release-2024-02-16/internet_identity.did",
      "wasm": "https://github.com/dfinity/internet-identity/releases/download/release-2024-02-16/internet_identity_dev.wasm.gz",
      "remote": {
        "id": {
          "ic": "rdmx6-jaaaa-aaaaa-aaadq-cai"
        }
      }
    }
  },
  "defaults": {
    "build": {
      "packtool": "npm run --silent sources"
    }
  },
  "output_env_file": ".env",
  "version": 2
}
